[
  {
    "model": "core.aimodel",
    "pk": 1,
    "fields": {
      "name": "GPT5",
      "model_choice": "gpt-4-turbo",
      "provider": "openai",
      "model_name": "gpt-4-turbo",
      "api_key": "VOTRE_CLE_OPENAI_VOIR_DOTENV",
      "temperature": 0.7,
      "is_active": true
    }
  },
  {
    "model": "core.aimodel",
    "pk": 2,
    "fields": {
      "name": "Gemini",
      "model_choice": "gemini-2.5-flash",
      "provider": "google",
      "model_name": "gemini-2.5-flash",
      "api_key": "VOTRE_CLE_GOOGLE_VOIR_DOTENV",
      "temperature": 0.0,
      "is_active": true
    }
  },
  {
    "model": "core.configuration",
    "pk": 1,
    "fields": {
      "ai_active": true,
      "ai_model": 2
    }
  },
  {
    "model": "hypostasis_extractor.analyseursyntaxique",
    "pk": 1,
    "fields": {
      "name": "Hypostasia",
      "description": "",
      "is_active": true,
      "type_analyseur": "analyser",
      "inclure_extractions": false,
      "inclure_texte_original": false,
      "created_at": "2026-02-10 14:55:38.440000",
      "updated_at": "2026-02-10 14:55:38.440000"
    }
  },
  {
    "model": "hypostasis_extractor.analyseursyntaxique",
    "pk": 2,
    "fields": {
      "name": "FALC",
      "description": "",
      "is_active": true,
      "type_analyseur": "reformuler",
      "inclure_extractions": false,
      "inclure_texte_original": false,
      "created_at": "2026-02-16 12:47:28.276000",
      "updated_at": "2026-02-16 12:47:28.276000"
    }
  },
  {
    "model": "hypostasis_extractor.analyseursyntaxique",
    "pk": 3,
    "fields": {
      "name": "Restitution",
      "description": "",
      "is_active": true,
      "type_analyseur": "restituer",
      "inclure_extractions": true,
      "inclure_texte_original": true,
      "created_at": "2026-02-17 18:24:07.888000",
      "updated_at": "2026-02-17 18:33:50.751000"
    }
  },
  {
    "model": "hypostasis_extractor.analyseursyntaxique",
    "pk": 4,
    "fields": {
      "name": "Restitution FALC",
      "description": "",
      "is_active": false,
      "type_analyseur": "restituer",
      "inclure_extractions": false,
      "inclure_texte_original": false,
      "created_at": "2026-02-17 18:30:27.936000",
      "updated_at": "2026-02-17 18:30:31.727000"
    }
  },
  {
    "model": "hypostasis_extractor.promptpiece",
    "pk": 1,
    "fields": {
      "analyseur": 1,
      "name": "Context : Persona",
      "role": "context",
      "content": "Tu es Hypostasia, un expert mondial en analyse syntaxique et en logique argumentative.\nTa mission est de déconstruire le texte fourni pour en extraire l'ossature argumentative via les hypostases (définitions plus bas). \nTu agis avec une neutralité absolue et une précision chirurgicale.",
      "order": 0
    }
  },
  {
    "model": "hypostasis_extractor.promptpiece",
    "pk": 2,
    "fields": {
      "analyseur": 1,
      "name": "Définitions formelles des 30 hypostases",
      "role": "definition",
      "content": "# Définitions formelles des 30 hypostases\n\n- classification : non réfuté par induction empirique et non prouvé par abduction empirique\n- aporie : non réfuté par induction empirique et non prouvé par déduction empirique\n- approximation : non réfuté par induction empirique et non prouvé par déduction formelle\n- paradoxe : non réfuté par induction empirique et non prouvé par abduction formelle\n- formalisme : non réfuté par induction empirique et non prouvé par induction formelle\n- événement : non réfuté par déduction empirique et non prouvé par déduction formelle\n- variation : non réfuté par déduction empirique et non prouvé par abduction empirique\n- dimension :non réfuté par déduction empirique et non prouvé par abduction formelle\n- mode : non réfuté par déduction empirique et non prouvé par induction empirique\n- croyance : non réfuté par déduction empirique et non prouvé par induction formelle\n- invariant : non réfuté par induction formelle et non prouvé par déduction formelle\n- valeur : non réfuté par induction formelle et non prouvé par abduction empirique\n- structure : non réfuté par induction formelle et non prouvé par abduction formelle\n- axiome : non réfuté par induction formelle et non prouvé par induction empirique\n- conjecture : non réfuté par induction formelle et non prouvé par déduction empirique\n- paradigme : non réfuté par déduction formelle et non prouvé par abduction empirique.\n- objet :non réfuté par déduction formelle et non prouvé par abduction formelle.\n- principe : non réfuté par déduction formelle et non prouvé par induction empirique.\n- domaine : non réfuté par déduction formelle et non prouvé par déduction formelle.\n- loi : non réfuté par déduction formelle et non prouvé par induction empirique.\n- phénomène :non réfuté par abduction empirique et non prouvé par déduction formelle.\n- variable : non réfuté par abduction empirique et non prouvé par abduction formelle.\n- variance : non réfuté par abduction empirique et non prouvé par induction empirique.\n- indice : non réfuté par abduction empirique et non prouvé par déduction empirique.\n- donnée :non réfuté par abduction empirique et non prouvé par induction formelle.\n- méthode : non réfuté par abduction formelle et non prouvé par déduction formelle.\n- définition : non réfuté par abduction formelle et non prouvé par abduction empirique.\n- hypothèse : non réfuté par abduction formelle et non prouvé par induction empirique.\n- problème : non réfuté par abduction formelle et non prouvé par déduction empirique\n- théorie : non réfuté par abduction formelle et non prouvé par induction formelle.\n\nCe sont les uniques choix que tu peux avoir pour la clé \"hypostase\" dans l'instruction de sortie pour chaque argument trouvé.",
      "order": 0
    }
  },
  {
    "model": "hypostasis_extractor.promptpiece",
    "pk": 3,
    "fields": {
      "analyseur": 1,
      "name": "Définitions informelles des hypostases",
      "role": "definition",
      "content": "# Définitions informelles des hypostases\n\nLes hypostases ont des définitions venant des dictionnaires : \n\n- paradigme : un paradigme est un modèle ou un exemple.\n- objet : Un objet est ce sur quoi porte le discours, la pensée, la connaissance.\n- principe : les principes sont les causes a priori d’une connaissance\n- domaine : un domaine est un champ discerné par des limites, bornes, confins, frontières, démarcations.\n- loi : les lois expriment des corrélations.\n- phénomène : les phénomènes se manifestent à la connaissance via les sens.\n- variable : une variable est ce qui prend diﬀérentes valeurs et ce dont dépend l’état d’un système.\n- variance : Une variance caractérise une dispersion d’une distribution ou d’un échantillon.\n- indice : Un indice est un indicateur numérique ou littéral qui sert à distinguer ou classer.\n- donnée : Une donnée est ce qui est admis, donné, qui sert à découvrir ou à raisonner.\n- méthode : Une méthode est une procédure qui indique ce que l’on doit faire ou comment le faire.\n- définition : Une définition est la détermination, la caractérisation du contenu d’un concept.\n- hypothèse : Une hypothèse concerne l’explication ou la possibilité d’un événement.\n- problème : Un problème est une diﬃculté à résoudre\n- théorie : Une théorie est une construction intellectuelle explicative, hypothétique et synthétique.\n- approximation : Une approximation est un calcul approché d’une grandeur réelle.\n- classification : Les classifications sont le fait de distribuer en classes, en catégories.\n- aporie : Les apories sont des diﬃcultés d’ordre rationnel apparemment sans issues.\n- paradoxe : Les paradoxes sont des propositions à la fois vraies et fausses.\n- formalisme : Un formalisme est la considération de la forme d’un raisonnement.\n- événement : Les événements sont ce qui arrive.\n- variation : les variations sont des changements d’un état dans un autre.\n- dimension : Les dimensions sont des grandeurs mesurables qui déterminent des positions.\n- mode : Les modes sont les manières d’être d’un système.\n- croyance : Les croyances sont des certitudes ou des convictions qui font croire une chose vraie, vraisemblable ou possible.\n- invariant : Les invariants sont des grandeurs, relations ou propriétés conservées lors d’une transformation\n- valeur : Une valeur est une mesure d’une grandeur variable.\n- structure : Les structures sont l’organisation des parties d’un système.\n- axiome : Les axiomes sont des propositions admises au départ d’une théorie.\n- conjecture : Les conjectures sont des opinions ou propositions non vérifiées.",
      "order": 0
    }
  },
  {
    "model": "hypostasis_extractor.promptpiece",
    "pk": 5,
    "fields": {
      "analyseur": 1,
      "name": "Méthode d'hypostasiation",
      "role": "instruction",
      "content": "# Méthode d'Hypostasiation\n\nChaque argument est caractérisé par :\n- Classe : Hypostase, catégorie selon la géométrie des débats, unique.\n\nEt ses attributs :\n- Passage : citation source. Texte exact uniquement, ne pas reformuler.\n- Résumé : formulation synthétique\n- Mots-clés : termes du glossaire\n- Hypostases : catégorie selon la géométrie des débats (domaine, valeur, principe, problème, méthode, paradigme, règle, structure, donnée, indice, phénomène, théorie, loi, etc. suivre les définitions plus haut.) Ici il peut y en avoir plusieurs si c'est nécéssaire.\n- Statut : Consensuel / Discuté / Discutable / Controversé / Disputé\n\nLes hypostases sont les « 30 manières d'être discutable » définies par la géométrie des débats : avec 2 dispositifs de preuve (formel, empirique) et 3 modes de raisonnement (induction de lois, abduction de causes, déduction de conséquences), on obtient 6 modes → 30 hypostases. Un énoncé cesse\nd'être consensuel quand il devient argument ; un argument cesse de l'être en devenant consensuel.",
      "order": 0
    }
  },
  {
    "model": "hypostasis_extractor.promptpiece",
    "pk": 6,
    "fields": {
      "analyseur": 1,
      "name": "Instructions impératives",
      "role": "instruction",
      "content": "ANALYSE MAINTENANT LE TEXTE SUIVANT.\n\nInstructions impératives :\n1. Pour un texte court, identifie une ou deux hypostases pertinentes.\n2. Pour un texte long, identifie 5 à 15 hypostases pertinentes.\n3. Pour un texte très long, identifie 15 à 25 hypostases pertinentes.\n4. Pour chaque hypostase, extrais la citation EXACTE (extraction_text). Si tu changes un seul mot, le système de surlignage échouera.\n6. Synthétise l'idée en une phrase simple (Résumé).\n7. Associe à chaque argument un, deux ou trois HYPOSTASE de nature conceptuelle (Hypostases, au pluruel !). Attention a ne pas halluciner de nouvelle hypostate, elles sont toute listé dans la définition plus haut.\n8. Trouve le theme du sujet en un, deux, trois ou quatre mots maximum. (Mots-clés)\n10. Essaye de deviner le statut du débat et pour quelle raison : Consensuel / Discuté / Discutable / Controversé / Disputé (Statut). Si ça ne semble pas pertinent, ne met rien.\n9. Ignore le bruit, menus, pubs, copyright.\n10. IMPORTANT : Tu es AUTORISÉ à extraire et reproduire des citations exactes (verbatim) du texte fourni : Ceci est nécessaire pour l'analyse et constitue une utilisation équitable (fair use) dans ce contexte académique. Ne refuse jamais d'extraire une citation pour des raisons de droits d'auteur dans ce contexte précis.\n11. ULTRA IMPORTANT : Texte exact uniquement, ne pas reformuler.",
      "order": 0
    }
  },
  {
    "model": "hypostasis_extractor.promptpiece",
    "pk": 7,
    "fields": {
      "analyseur": 1,
      "name": "RÈGLES DE FORMAT STRICTES pour chaque extraction :",
      "role": "instruction",
      "content": "RÈGLES DE FORMAT STRICTES pour chaque extraction :                                                                                                                                                                                                                                 \n                                                                                                                                                                                                                                                                                     \n  - \"extraction_class\" : toujours une chaîne de caractères (string)                                                                                                                                                                                                                  \n  - \"extraction_text\" : toujours une chaîne de caractères (string), JAMAIS une liste, un objet ou un nombre                                                                                                                                                                          \n  - \"attributes\" : toujours un objet JSON plat { \"clé\": \"valeur\" } où chaque valeur est une chaîne de caractères (string)                                                                                                                                                            \n\n  Si une valeur contient plusieurs éléments, les séparer par des virgules dans une seule chaîne.\n  Exemple correct :   \"mots_cles\": \"politique, économie, société\"\n  Exemple incorrect : \"mots_cles\": [\"politique\", \"économie\", \"société\"]\n\n  Tu peux l'ajouter comme PromptPiece avec le rôle format en dernier dans l'ordre, pour qu'il soit concaténé à la fin du prompt juste avant l'appel LLM.",
      "order": 0
    }
  },
  {
    "model": "hypostasis_extractor.promptpiece",
    "pk": 8,
    "fields": {
      "analyseur": 2,
      "name": "Nouveau morceau",
      "role": "instruction",
      "content": "Voici un texte à reformuler en français et en FALC : Facile à lire et à comprendre.",
      "order": 0
    }
  },
  {
    "model": "hypostasis_extractor.promptpiece",
    "pk": 9,
    "fields": {
      "analyseur": 3,
      "name": "Restitution FALC",
      "role": "instruction",
      "content": "Prend en compte le texte original et les commentaires sur cette partie de l'extraction.\r\nEssaye de synthétiser la discussion autour de cette extraction du texte original.\r\nPrend en compte les pour et les contre s'ils sont bien exprimés.\r\nN’hallucine pas de nouvelles idées, résume la discussion en FALC.",
      "order": 0
    }
  },
  {
    "model": "hypostasis_extractor.promptpiece",
    "pk": 10,
    "fields": {
      "analyseur": 4,
      "name": "Restitution FALC",
      "role": "instruction",
      "content": "",
      "order": 0
    }
  },
  {
    "model": "hypostasis_extractor.analyseurexample",
    "pk": 1,
    "fields": {
      "analyseur": 1,
      "name": "Debat IA — 3 arguments",
      "example_text": "L'intelligence artificielle est la révolution la plus importante depuis l'invention de l'écriture. Les pays qui n'investissent pas massivement dans l'IA seront relégués au rang de puissances secondaires. On nous présente l'IA comme une fatalité historique, alors qu'il s'agit d'un choix politique. Ce que nous vivons, c'est une silicolonisation du monde. Je crois qu'il y a une troisième voie que vous négligez tous les deux.",
      "order": 0
    }
  },
  {
    "model": "hypostasis_extractor.exampleextraction",
    "pk": 1,
    "fields": {
      "example": 1,
      "extraction_class": "hypostase",
      "extraction_text": "L'intelligence artificielle est la révolution la plus importante depuis l'invention de l'écriture. Les pays qui n'investissent pas massivement dans l'IA seront relégués au rang de puissances secondaires.",
      "order": 0
    }
  },
  {
    "model": "hypostasis_extractor.extractionattribute",
    "pk": 1,
    "fields": {
      "extraction": 1,
      "key": "Hypostases",
      "value": "théorie, conjecture, principe",
      "order": 0
    }
  },
  {
    "model": "hypostasis_extractor.extractionattribute",
    "pk": 2,
    "fields": {
      "extraction": 1,
      "key": "Résumé",
      "value": "L'IA est une révolution majeure nécessitant un investissement massif pour éviter le déclassement.",
      "order": 1
    }
  },
  {
    "model": "hypostasis_extractor.extractionattribute",
    "pk": 3,
    "fields": {
      "extraction": 1,
      "key": "Mots-clés",
      "value": "intelligence artificielle, révolution, investissement",
      "order": 2
    }
  },
  {
    "model": "hypostasis_extractor.extractionattribute",
    "pk": 4,
    "fields": {
      "extraction": 1,
      "key": "Statut",
      "value": "Discutable",
      "order": 3
    }
  },
  {
    "model": "hypostasis_extractor.exampleextraction",
    "pk": 2,
    "fields": {
      "example": 1,
      "extraction_class": "hypostase",
      "extraction_text": "On nous présente l'IA comme une fatalité historique, alors qu'il s'agit d'un choix politique. Ce que nous vivons, c'est une silicolonisation du monde.",
      "order": 1
    }
  },
  {
    "model": "hypostasis_extractor.extractionattribute",
    "pk": 5,
    "fields": {
      "extraction": 2,
      "key": "Hypostases",
      "value": "définition, théorie, problème",
      "order": 0
    }
  },
  {
    "model": "hypostasis_extractor.extractionattribute",
    "pk": 6,
    "fields": {
      "extraction": 2,
      "key": "Résumé",
      "value": "L'IA est un choix politique, non une fatalité, menant à une silicolonisation.",
      "order": 1
    }
  },
  {
    "model": "hypostasis_extractor.extractionattribute",
    "pk": 7,
    "fields": {
      "extraction": 2,
      "key": "Mots-clés",
      "value": "choix politique, silicolonisation, fatalité",
      "order": 2
    }
  },
  {
    "model": "hypostasis_extractor.extractionattribute",
    "pk": 8,
    "fields": {
      "extraction": 2,
      "key": "Statut",
      "value": "Controversé",
      "order": 3
    }
  },
  {
    "model": "hypostasis_extractor.exampleextraction",
    "pk": 3,
    "fields": {
      "example": 1,
      "extraction_class": "hypostase",
      "extraction_text": "Je crois qu'il y a une troisième voie que vous négligez tous les deux.",
      "order": 2
    }
  },
  {
    "model": "hypostasis_extractor.extractionattribute",
    "pk": 9,
    "fields": {
      "extraction": 3,
      "key": "Hypostases",
      "value": "hypothèse, paradigme",
      "order": 0
    }
  },
  {
    "model": "hypostasis_extractor.extractionattribute",
    "pk": 10,
    "fields": {
      "extraction": 3,
      "key": "Résumé",
      "value": "Il existe une approche alternative non considérée dans le débat actuel.",
      "order": 1
    }
  },
  {
    "model": "hypostasis_extractor.extractionattribute",
    "pk": 11,
    "fields": {
      "extraction": 3,
      "key": "Mots-clés",
      "value": "troisième voie, alternative",
      "order": 2
    }
  },
  {
    "model": "hypostasis_extractor.extractionattribute",
    "pk": 12,
    "fields": {
      "extraction": 3,
      "key": "Statut",
      "value": "Discutable",
      "order": 3
    }
  },
  {
    "model": "hypostasis_extractor.analyseurexample",
    "pk": 2,
    "fields": {
      "analyseur": 1,
      "name": "Ostrom — Gouvernance des communs",
      "example_text": "Mes recherches sur les communs montrent que ni le marché pur ni l'État centralisé ne sont les seules options viables pour gouverner les ressources partagées. Des communautés peuvent s'auto-organiser pour gérer des ressources partagées, y compris des modèles d'IA ouverts. Les logiciels libres, Wikipédia, les coopératives de données : ce sont des preuves vivantes que des alternatives existent.",
      "order": 1
    }
  },
  {
    "model": "hypostasis_extractor.exampleextraction",
    "pk": 4,
    "fields": {
      "example": 2,
      "extraction_class": "hypostase",
      "extraction_text": "Mes recherches sur les communs montrent que ni le marché pur ni l'État centralisé ne sont les seules options viables pour gouverner les ressources partagées.",
      "order": 0
    }
  },
  {
    "model": "hypostasis_extractor.extractionattribute",
    "pk": 13,
    "fields": {
      "extraction": 4,
      "key": "Hypostases",
      "value": "domaine, classification",
      "order": 0
    }
  },
  {
    "model": "hypostasis_extractor.extractionattribute",
    "pk": 14,
    "fields": {
      "extraction": 4,
      "key": "Résumé",
      "value": "Les recherches sur les communs révèlent que le marché et l'État ne sont pas les seules options.",
      "order": 1
    }
  },
  {
    "model": "hypostasis_extractor.extractionattribute",
    "pk": 15,
    "fields": {
      "extraction": 4,
      "key": "Mots-clés",
      "value": "communs, marché, État, ressources partagées",
      "order": 2
    }
  },
  {
    "model": "hypostasis_extractor.extractionattribute",
    "pk": 16,
    "fields": {
      "extraction": 4,
      "key": "Statut",
      "value": "Consensuel",
      "order": 3
    }
  },
  {
    "model": "hypostasis_extractor.exampleextraction",
    "pk": 5,
    "fields": {
      "example": 2,
      "extraction_class": "hypostase",
      "extraction_text": "Les logiciels libres, Wikipédia, les coopératives de données : ce sont des preuves vivantes que des alternatives existent.",
      "order": 1
    }
  },
  {
    "model": "hypostasis_extractor.extractionattribute",
    "pk": 17,
    "fields": {
      "extraction": 5,
      "key": "Hypostases",
      "value": "phénomène, donnée",
      "order": 0
    }
  },
  {
    "model": "hypostasis_extractor.extractionattribute",
    "pk": 18,
    "fields": {
      "extraction": 5,
      "key": "Résumé",
      "value": "Des exemples comme les logiciels libres et Wikipédia prouvent que des alternatives aux modèles classiques existent.",
      "order": 1
    }
  },
  {
    "model": "hypostasis_extractor.extractionattribute",
    "pk": 19,
    "fields": {
      "extraction": 5,
      "key": "Mots-clés",
      "value": "logiciels libres, Wikipédia, coopératives, alternatives",
      "order": 2
    }
  },
  {
    "model": "hypostasis_extractor.extractionattribute",
    "pk": 20,
    "fields": {
      "extraction": 5,
      "key": "Statut",
      "value": "Consensuel",
      "order": 3
    }
  }
]